<?xml version="1.0" encoding="UTF-8"?>
<config xmlns="http://www.knime.org/2008/09/XMLConfig" xmlns:xsi="http://www.w3.org/2001/XMLSchema-instance" xsi:schemaLocation="http://www.knime.org/2008/09/XMLConfig http://www.knime.org/XMLConfig_2008_09.xsd" key="MiningSchema">
    <config key="learning">
        <entry key="array-size" type="xint" value="8"/>
        <entry key="0" type="xstring" value="NA_Sales"/>
        <entry key="1" type="xstring" value="EU_Sales"/>
        <entry key="2" type="xstring" value="JP_Sales"/>
        <entry key="3" type="xstring" value="Other_Sales"/>
        <entry key="4" type="xstring" value="Critic_Score"/>
        <entry key="5" type="xstring" value="Critic_Count"/>
        <entry key="6" type="xstring" value="User_Score"/>
        <entry key="7" type="xstring" value="User_Count"/>
    </config>
    <config key="target">
        <entry key="array-size" type="xint" value="1"/>
        <entry key="0" type="xstring" value="Global_Sales"/>
    </config>
</config>
