<?xml version="1.0" encoding="UTF-8"?>
<config xmlns="http://www.knime.org/2008/09/XMLConfig" xmlns:xsi="http://www.w3.org/2001/XMLSchema-instance" xsi:schemaLocation="http://www.knime.org/2008/09/XMLConfig http://www.knime.org/XMLConfig_2008_09.xsd" key="model.xml">
    <entry key="version" type="xint" value="1"/>
    <entry key="class_name" type="xstring" value="org.knime.base.algorithms.outlier.NumericOutliersPortObject"/>
    <config key="model">
        <entry key="summary" type="xstring" value="Outlier treatment for columns: &quot;NA_Sales&quot;, &quot;EU_Sales&quot;, &quot;JP_Sales&quot;,  ... &lt;6 more&gt;"/>
        <config key="group-col-types">
            <entry key="array-size" type="xint" value="0"/>
        </config>
        <config key="outlier-treatment">
            <entry key="outlier-treatment" type="xstring" value="Replace outlier values"/>
            <entry key="replacement-strategy" type="xstring" value="Missing values"/>
            <entry key="detection-option" type="xstring" value="All outliers"/>
            <entry key="update-domain" type="xboolean" value="false"/>
        </config>
        <config key="permitted intervals">
            <config key="groups">
                <entry key="array-size" type="xint" value="0"/>
            </config>
            <config key="outliers">
                <entry key="array-size" type="xint" value="9"/>
                <entry key="0" type="xstring" value="NA_Sales"/>
                <entry key="1" type="xstring" value="EU_Sales"/>
                <entry key="2" type="xstring" value="JP_Sales"/>
                <entry key="3" type="xstring" value="Other_Sales"/>
                <entry key="4" type="xstring" value="Global_Sales"/>
                <entry key="5" type="xstring" value="Critic_Score"/>
                <entry key="6" type="xstring" value="Critic_Count"/>
                <entry key="7" type="xstring" value="User_Score"/>
                <entry key="8" type="xstring" value="User_Count"/>
            </config>
            <config key="data">
                <config key="row0">
                    <config key="key">
                        <config key="group-key">
                            <entry key="array-size" type="xint" value="0"/>
                        </config>
                    </config>
                    <config key="interval-columns">
                        <config key="interval0">
                            <entry key="outlier" type="xstring" value="EU_Sales"/>
                            <config key="interval">
                                <entry key="array-size" type="xint" value="2"/>
                                <entry key="0" type="xdouble" value="-0.165"/>
                                <entry key="1" type="xdouble" value="0.275"/>
                            </config>
                        </config>
                        <config key="interval1">
                            <entry key="outlier" type="xstring" value="User_Score"/>
                            <config key="interval">
                                <entry key="array-size" type="xint" value="2"/>
                                <entry key="0" type="xdouble" value="3.700000000000002"/>
                                <entry key="1" type="xdouble" value="10.899999999999999"/>
                            </config>
                        </config>
                        <config key="interval2">
                            <entry key="outlier" type="xstring" value="User_Count"/>
                            <config key="interval">
                                <entry key="array-size" type="xint" value="2"/>
                                <entry key="0" type="xdouble" value="-96.5"/>
                                <entry key="1" type="xdouble" value="187.5"/>
                            </config>
                        </config>
                        <config key="interval3">
                            <entry key="outlier" type="xstring" value="JP_Sales"/>
                            <config key="interval">
                                <entry key="array-size" type="xint" value="2"/>
                                <entry key="0" type="xdouble" value="-0.06"/>
                                <entry key="1" type="xdouble" value="0.1"/>
                            </config>
                        </config>
                        <config key="interval4">
                            <entry key="outlier" type="xstring" value="Critic_Count"/>
                            <config key="interval">
                                <entry key="array-size" type="xint" value="2"/>
                                <entry key="0" type="xdouble" value="-24.0"/>
                                <entry key="1" type="xdouble" value="72.0"/>
                            </config>
                        </config>
                        <config key="interval5">
                            <entry key="outlier" type="xstring" value="Global_Sales"/>
                            <config key="interval">
                                <entry key="array-size" type="xint" value="2"/>
                                <entry key="0" type="xdouble" value="-0.5549999999999999"/>
                                <entry key="1" type="xdouble" value="1.085"/>
                            </config>
                        </config>
                        <config key="interval6">
                            <entry key="outlier" type="xstring" value="NA_Sales"/>
                            <config key="interval">
                                <entry key="array-size" type="xint" value="2"/>
                                <entry key="0" type="xdouble" value="-0.36"/>
                                <entry key="1" type="xdouble" value="0.6"/>
                            </config>
                        </config>
                        <config key="interval7">
                            <entry key="outlier" type="xstring" value="Other_Sales"/>
                            <config key="interval">
                                <entry key="array-size" type="xint" value="2"/>
                                <entry key="0" type="xdouble" value="-0.045"/>
                                <entry key="1" type="xdouble" value="0.075"/>
                            </config>
                        </config>
                        <config key="interval8">
                            <entry key="outlier" type="xstring" value="Critic_Score"/>
                            <config key="interval">
                                <entry key="array-size" type="xint" value="2"/>
                                <entry key="0" type="xdouble" value="31.5"/>
                                <entry key="1" type="xdouble" value="107.5"/>
                            </config>
                        </config>
                    </config>
                </config>
            </config>
        </config>
    </config>
</config>
