<?xml version="1.0" encoding="UTF-8"?>
<config xmlns="http://www.knime.org/2008/09/XMLConfig" xmlns:xsi="http://www.w3.org/2001/XMLSchema-instance" xsi:schemaLocation="http://www.knime.org/2008/09/XMLConfig http://www.knime.org/XMLConfig_2008_09.xsd" key="model.xml">
    <entry key="version" type="xint" value="1"/>
    <entry key="class_name" type="xstring" value="org.knime.base.algorithms.outlier.NumericOutliersPortObjectSpec"/>
    <config key="model">
        <config key="group-col-types">
            <entry key="array-size" type="xint" value="0"/>
        </config>
        <config key="groups">
            <entry key="array-size" type="xint" value="0"/>
        </config>
        <config key="outliers">
            <entry key="array-size" type="xint" value="12"/>
            <entry key="0" type="xstring" value="ï»¿rowID"/>
            <entry key="1" type="xstring" value="team"/>
            <entry key="2" type="xstring" value="targeted_productivity"/>
            <entry key="3" type="xstring" value="smv"/>
            <entry key="4" type="xstring" value="wip"/>
            <entry key="5" type="xstring" value="over_time"/>
            <entry key="6" type="xstring" value="incentive"/>
            <entry key="7" type="xstring" value="idle_time"/>
            <entry key="8" type="xstring" value="idle_men"/>
            <entry key="9" type="xstring" value="no_of_style_change"/>
            <entry key="10" type="xstring" value="no_of_workers"/>
            <entry key="11" type="xstring" value="actual_productivity"/>
        </config>
    </config>
</config>
