<?xml version="1.0" encoding="UTF-8"?>
<config xmlns="http://www.knime.org/2008/09/XMLConfig" xmlns:xsi="http://www.w3.org/2001/XMLSchema-instance" xsi:schemaLocation="http://www.knime.org/2008/09/XMLConfig http://www.knime.org/XMLConfig_2008_09.xsd" key="model.xml">
    <entry key="version" type="xint" value="1"/>
    <entry key="class_name" type="xstring" value="org.knime.base.data.normalize.NormalizerPortObject"/>
    <config key="model">
        <config key="columns">
            <config key="targeted_productivity">
                <entry key="column_name" type="xstring" value="targeted_productivity"/>
                <entry key="column_scale" type="xdouble" value="3.9999999999999964"/>
                <entry key="column_translate" type="xdouble" value="-2.1999999999999975"/>
                <entry key="column_min" type="xdouble" value="0.0"/>
                <entry key="column_max" type="xdouble" value="1.0"/>
            </config>
            <config key="smv">
                <entry key="column_name" type="xstring" value="smv"/>
                <entry key="column_scale" type="xdouble" value="1.3197150370399808"/>
                <entry key="column_translate" type="xdouble" value="-0.46240922541992885"/>
                <entry key="column_min" type="xdouble" value="0.0"/>
                <entry key="column_max" type="xdouble" value="1.0"/>
            </config>
            <config key="wip">
                <entry key="column_name" type="xstring" value="wip"/>
                <entry key="column_scale" type="xdouble" value="0.0011339617439708033"/>
                <entry key="column_translate" type="xdouble" value="-0.7249428916516791"/>
                <entry key="column_min" type="xdouble" value="0.0"/>
                <entry key="column_max" type="xdouble" value="1.0"/>
            </config>
            <config key="incentive">
                <entry key="column_name" type="xstring" value="incentive"/>
                <entry key="column_scale" type="xdouble" value="0.008"/>
                <entry key="column_translate" type="xdouble" value="0.0"/>
                <entry key="column_min" type="xdouble" value="0.0"/>
                <entry key="column_max" type="xdouble" value="1.0"/>
            </config>
            <config key="actual_productivity">
                <entry key="column_name" type="xstring" value="actual_productivity"/>
                <entry key="column_scale" type="xdouble" value="1.3197150370399808"/>
                <entry key="column_translate" type="xdouble" value="-0.46240922541992885"/>
                <entry key="column_min" type="xdouble" value="0.0"/>
                <entry key="column_max" type="xdouble" value="1.0"/>
            </config>
        </config>
        <entry key="summary" type="xstring" value="Min/Max (0.0, 1) normalization on 5 column(s)"/>
    </config>
</config>
